doc_id,status,bytes,institution,type_raw,mtype
0145f2f7-a373-11eb-9585-01aa75ed71a1,ok,19789,Commission,IMPACT_ASSESS_SUM,xhtml
01c28e02-67d0-11ee-9220-01aa75ed71a1,ok,67570,Commission,RECO,xhtml
01ff45fa-a375-11eb-9585-01aa75ed71a1,ok,53903,Commission,COMMUNIC,xhtml
05ba2702-5f3f-11f1-aa6d-01aa75ed71a1,ok,92634,Commission,COMMUNIC,xhtml
0694be88-a373-11eb-9585-01aa75ed71a1,ok,733374,Commission,IMPACT_ASSESS,xhtml
07685fd2-48e4-11f1-8095-01aa75ed71a1,ok,14084,Parliament,RES_LEGIS,xhtml
086a99ee-98f7-11eb-b85c-01aa75ed71a1,ok,27489,Council,STAT_REASON,xhtml
0bf089e6-48e5-11f1-8095-01aa75ed71a1,ok,121374,Parliament,OWNINI_RES,xhtml
0f4615e0-bb90-11ee-b164-01aa75ed71a1,ok,146687,Commission,COMMUNIC,xhtml
10220a8a-6fa1-11f1-ae88-01aa75ed71a1,ok,132712,Council,ITEM_IA_NOTE,pdf
12616c1d-ab15-11ec-83e1-01aa75ed71a1,ok,82351,Parliament,OWNINI_RES,xhtml
16b4afba-3ff9-11ed-92ed-01aa75ed71a1,ok,163689,Commission,PROP_DIR,xhtml
16c1b366-c56f-11f0-8da2-01aa75ed71a1,ok,114522,Commission,COMMUNIC,xhtml
1923c62a-2640-11ec-bd8e-01aa75ed71a1,ok,167398,Parliament,OWNINI_RES,xhtml
194ae542-a421-11f0-97c8-01aa75ed71a1,ok,200373,Commission,COMMUNIC,xhtml
1b401959-9369-11f0-97c8-01aa75ed71a1,ok,98523,Parliament,RES_LEGIS,xhtml
1c4da5fb-d2e1-11ef-be2a-01aa75ed71a1,ok,6822,Commission,STAT,xhtml
1c819996-41c9-11ec-89db-01aa75ed71a1,ok,122274,Parliament,OWNINI_RES,xhtml
1cba1cf9-4311-11f1-8095-01aa75ed71a1,ok,106845,Commission,REPORT,xhtml
1cc94bc2-1e7f-11f1-8c3a-01aa75ed71a1,ok,73025,Council,RECO,xhtml
1de3df22-2c0e-11ec-bd8e-01aa75ed71a1,ok,48292,Commission,IMPACT_ASSESS_INCEP,xhtml
2d1b83a4-482a-11f1-8095-01aa75ed71a1,ok,4561543,Commission,REPORT,pdf
2f65adf0-4aa4-11f0-85ba-01aa75ed71a1,ok,1768602,Commission,COMMUNIC,xhtml
3516175c-3ff9-11ed-92ed-01aa75ed71a1,ok,30246,Commission,IMPACT_ASSESS_SUM,xhtml
3586aca6-5f40-11f1-aa6d-01aa75ed71a1,ok,217217,Commission,COMMUNIC,xhtml
3a2d3031-12e7-11ef-a251-01aa75ed71a1,ok,194216,Council,ITEM_IA_NOTE,pdf
3afbaed2-4aa4-11f0-85ba-01aa75ed71a1,ok,135006,Commission,SWD,xhtml
3c2e9d55-482a-11f1-8095-01aa75ed71a1,ok,2202688,Commission,REPORT,pdf
3e89b793-4aa4-11f0-85ba-01aa75ed71a1,ok,411111,Commission,SWD,xhtml
3f4e211c-2640-11ec-bd8e-01aa75ed71a1,ok,57115,Parliament,OWNINI_RES,xhtml
4306dceb-8c20-11ef-a130-01aa75ed71a1,ok,43788,Parliament,OWNINI_RES,xhtml
44df3cc7-1f54-11f0-b1a3-01aa75ed71a1,ok,239686,Commission,PROP_REG,xhtml
4559c9e2-a426-11f0-97c8-01aa75ed71a1,ok,493363,Commission,COMMUNIC,xhtml
498ec314-4aa4-11f0-85ba-01aa75ed71a1,ok,9920572,Commission,SWD,xhtml
4b7998fd-3ff9-11ed-92ed-01aa75ed71a1,ok,1426945,Commission,IMPACT_ASSESS,xhtml
4b82d1b8-eb11-11ee-bf53-01aa75ed71a1,ok,233622,Commission,RECO,xhtml
4ce205b8-53d2-11ea-aece-01aa75ed71a1,ok,113849,Commission,REPORT,xhtml
4e01fbb5-4aa4-11f0-85ba-01aa75ed71a1,ok,547554,Commission,SWD,xhtml
51e75c0d-eb50-11eb-93a8-01aa75ed71a1,ok,38027,Parliament,RES,xhtml
52028928-482a-11f1-8095-01aa75ed71a1,ok,2158472,Commission,REPORT,pdf
5305a847-2dba-11ed-975d-01aa75ed71a1,ok,117064,Parliament,OWNINI_RES,xhtml
55e8b036-4aa4-11f0-85ba-01aa75ed71a1,ok,554335,Commission,SWD,xhtml
5aef16ec-208d-11ee-94cb-01aa75ed71a1,ok,94802,Commission,COMMUNIC,xhtml
5d1e5a0e-3ff9-11ed-92ed-01aa75ed71a1,ok,53393,Commission,SWD,xhtml
5de8d1db-4311-11f1-8095-01aa75ed71a1,ok,445286,Commission,SWD,xhtml
60cb6359-a0e6-11f1-b25c-01aa75ed71a1,ok,7374,Parliament,RES_LEGIS,xhtml
61d496bf-263f-11ec-bd8e-01aa75ed71a1,ok,245695,Parliament,OWNINI_RES,xhtml
620b015d-208d-11ee-94cb-01aa75ed71a1,ok,2039409,Commission,SWD,xhtml
621680a1-69f2-11f1-ae88-01aa75ed71a1,ok,603173,Commission,REPORT,pdf
6502082f-a0e6-11f1-b25c-01aa75ed71a1,ok,99054,Parliament,OWNINI_RES,xhtml
6847a2e7-33ad-11f1-be39-01aa75ed71a1,ok,78717,Parliament,OWNINI_RES,xhtml
694a86eb-50e5-11f0-a9d0-01aa75ed71a1,ok,110368,Commission,COMMUNIC,xhtml
6b108cfc-d0ff-11f0-8da2-01aa75ed71a1,ok,85664,Commission,COMMUNIC,xhtml
6e73e2db-5f40-11f1-aa6d-01aa75ed71a1,ok,842771,Commission,PROP_REG,xhtml
6e99365f-1836-11ef-a251-01aa75ed71a1,ok,171397,Council,NOTE,pdf
74f491f3-299f-11f1-8803-01aa75ed71a1,ok,255155,Parliament,REPORT,pdf
79233450-dc06-11f0-8da2-01aa75ed71a1,ok,198682,Commission,REPORT,xhtml
7ae82b77-c570-11f0-8da2-01aa75ed71a1,ok,1375983,Commission,SWD,xhtml
7b2a3e7a-3f77-11f1-8095-01aa75ed71a1,ok,132919,Parliament,OWNINI_RES,xhtml
7f8f81de-405e-11f0-b9f2-01aa75ed71a1,ok,73027,Commission,PROP_DEC,xhtml
836f8ddc-0de5-11eb-bc07-01aa75ed71a1,ok,58989,Council,CONCL,xhtml
8471c58f-bb8f-11ee-b164-01aa75ed71a1,ok,54447,Commission,PROP_REG,xhtml
866eb16e-734d-11ec-9136-01aa75ed71a1,ok,131645,Parliament,OWNINI_RES,xhtml
8707360e-15f6-11f0-b1a3-01aa75ed71a1,ok,712230,Commission,COMMUNIC,xhtml
88f1c1f5-299f-11f1-8803-01aa75ed71a1,ok,211858,Parliament,REPORT,pdf
8f622861-7533-11ed-9887-01aa75ed71a1,ok,384552,Parliament,OWNINI_RES,xhtml
90c17f14-129d-11ef-a251-01aa75ed71a1,ok,132355,Council,ITEM_IA_NOTE,pdf
94e9297d-5f40-11f1-aa6d-01aa75ed71a1,ok,17058,Commission,IMPACT_ASSESS_SUM,xhtml
969edb7b-7f7f-11ec-8c40-01aa75ed71a1,ok,32001,Commission,DECLAR,xhtml
97d0ac46-299f-11f1-8803-01aa75ed71a1,ok,447023,Parliament,REPORT,pdf
97d86437-5425-11f1-b3e2-01aa75ed71a1,ok,127326,Commission,REPORT,xhtml
992fea61-24d6-11ef-a195-01aa75ed71a1,ok,166099,Council,ITEM_IA_NOTE,pdf
9b36c602-7f72-11ec-8c40-01aa75ed71a1,ok,29202,Commission,FACT_SUM_REPORT_CONSULT,xhtml
9dda0989-b992-11ee-b164-01aa75ed71a1,ok,2686714,Parliament,RES_LEGIS,xhtml
9e05efdd-9540-11f0-97c8-01aa75ed71a1,ok,57683,Commission,PROP_DEC,xhtml
a07903ec-c5f5-11f0-8da2-01aa75ed71a1,ok,148564,Commission,COMMUNIC,xhtml
a1599b9f-599b-11ec-91ac-01aa75ed71a1,ok,247394,Commission,REPORT,xhtml
a402db37-5d50-11ec-9c6c-01aa75ed71a1,ok,9998,Parliament,RES_LEGIS,xhtml
a6802eee-5f40-11f1-aa6d-01aa75ed71a1,ok,2262372,Commission,IMPACT_ASSESS,xhtml
a72c4fd1-453e-11eb-b59f-01aa75ed71a1,ok,54041,Commission,IMPACT_ASSESS_INCEP,xhtml
a77b6425-d32f-11ef-be2a-01aa75ed71a1,ok,64058,Commission,RECO,xhtml
a8081849-129e-11ef-a251-01aa75ed71a1,ok,183333,Council,ITEM_IA_NOTE,pdf
a84cffb3-88a2-11eb-ac4c-01aa75ed71a1,ok,18615,Commission,COMMUNIC_POSIT,xhtml
ac957f13-53c6-11ea-aece-01aa75ed71a1,ok,171403,Commission,PAPER_WHITE,xhtml
adf2cda7-6bc7-11f0-bf4e-01aa75ed71a1,ok,193548,Council,NOTE,pdf
af851426-57c9-11ec-91ac-01aa75ed71a1,ok,152077,Parliament,OWNINI_RES,xhtml
b0c79e29-7351-11ec-9136-01aa75ed71a1,ok,151811,Parliament,OWNINI_RES,xhtml
b1da3f85-143f-11ef-a251-01aa75ed71a1,ok,209542,Council,ITEM_IA_NOTE,pdf
b362fd9c-a666-11f1-b25c-01aa75ed71a1,ok,396812,Parliament,RES_LEGIS,xhtml
b397c30e-6a63-11f1-ae88-01aa75ed71a1,ok,1078676,Commission,COMMUNIC,xhtml
b7875ebe-443a-11f1-8095-01aa75ed71a1,ok,1376971,Commission,REPORT,pdf
b94fc82c-3588-11eb-b27b-01aa75ed71a1,ok,157694,Commission,COMMUNIC,xhtml
b969545d-af9f-11ea-bb7a-01aa75ed71a1,ok,86103,Council,CONCL,xhtml
b992c792-f6ab-11f0-b9bc-01aa75ed71a1,ok,47333,Commission,REPORT,xhtml
bae9637f-6a63-11f1-ae88-01aa75ed71a1,ok,531755,Commission,SWD,xhtml
baebce15-1ef5-11ed-8fa0-01aa75ed71a1,ok,77800,Commission,RECO_DEC,xhtml
bd17fd0f-b5b0-11ec-b6f4-01aa75ed71a1,ok,53977,Commission,FACT_SUM_REPORT_CONSULT,xhtml
bd380e70-6a63-11f1-ae88-01aa75ed71a1,ok,1081843,Commission,SWD,xhtml
be1a7ff8-7ad0-11f1-bf5e-01aa75ed71a1,ok,101619,Commission,COMMUNIC,xhtml
bf74c67d-98f6-11eb-b85c-01aa75ed71a1,ok,287182,Council,POSIT,xhtml
c319827b-7523-11f1-bf5e-01aa75ed71a1,ok,169167,Council,NOTE,pdf
c45de3f1-6a63-11f1-ae88-01aa75ed71a1,ok,342705,Commission,SWD,xhtml
c651aa91-48e4-11f1-8095-01aa75ed71a1,ok,199436,Parliament,RES_LEGIS,xhtml
c6b4f352-6a63-11f1-ae88-01aa75ed71a1,ok,312867,Commission,SWD,xhtml
c8c51d1a-c572-11f0-8da2-01aa75ed71a1,ok,382362,Commission,PROP_REG,xhtml
ca49a33d-3588-11eb-b27b-01aa75ed71a1,ok,244302,Commission,SWD,xhtml
cd806b9d-7bf7-11f1-bf5e-01aa75ed71a1,ok,153078,Council,RES,xhtml
d02dd0e8-4364-11f1-8095-01aa75ed71a1,ok,93146,Parliament,OWNINI_RES,xhtml
d031f3f0-82ff-11ee-99ba-01aa75ed71a1,ok,169011,Council,NOTE,pdf
d4f4259d-9066-11f1-9262-01aa75ed71a1,ok,184097,Parliament,OWNINI_RES,xhtml
d6eaaab7-3f76-11f1-8095-01aa75ed71a1,ok,64559,Parliament,OWNINI_RES,xhtml
da5175ba-df73-11f0-8439-01aa75ed71a1,ok,4023972,Commission,REPORT,pdf
dca0302d-1c21-11f1-8c3a-01aa75ed71a1,ok,1063664,Commission,RECO,xhtml
de14ecbc-7f7f-11ec-8c40-01aa75ed71a1,ok,33117,Commission,COMMUNIC,xhtml
e01b6fbb-135f-11ef-a251-01aa75ed71a1,ok,307107,Council,NOTE,pdf
e0649735-a372-11eb-9585-01aa75ed71a1,ok,589284,Commission,PROP_REG,xhtml
e2787e1c-0892-11f0-b1a3-01aa75ed71a1,ok,30221,Commission,PROP_DEC,xhtml
e346392e-41ed-11f0-b9f2-01aa75ed71a1,ok,101833,Commission,JOINT_COMMUNIC,xhtml
e3a37a67-33ba-11ef-b441-01aa75ed71a1,ok,63944,Commission,PROP_DEC,xhtml
e41e33b5-69ac-11ee-9220-01aa75ed71a1,ok,772948,Council,NOTE,pdf
e45654de-9dcf-11f1-b25c-01aa75ed71a1,ok,15879084,Commission,REPORT,pdf
e4c43528-ccfc-11ea-adf7-01aa75ed71a1,ok,776973,Commission,IMPACT_ASSESS_INCEP,pdf
e69a1045-6fa1-11f1-ae88-01aa75ed71a1,ok,207138,Council,ITEM_IA_NOTE,pdf
e7fdab55-488b-11ef-acbc-01aa75ed71a1,ok,44949,Council,CONCL,xhtml
e80c49bd-12d8-11ef-a251-01aa75ed71a1,ok,133386,Council,ITEM_IA_NOTE,pdf
eb6e6f8d-7f7f-11ec-8c40-01aa75ed71a1,ok,254284,Commission,SWD,xhtml
ec39aa89-263f-11ec-bd8e-01aa75ed71a1,ok,405636,Parliament,OWNINI_RES,xhtml
edc54cc2-1eff-11f1-8c3a-01aa75ed71a1,ok,609453,Council,NOTE,pdf
ef017692-8c1f-11ef-a130-01aa75ed71a1,ok,64812,Parliament,OWNINI_RES,xhtml
ef0e78ed-617b-11f0-bf4e-01aa75ed71a1,ok,325796,Commission,PROP_REG,xhtml
ef4ecd46-c5fa-11f0-8da2-01aa75ed71a1,ok,124748,Commission,COMMUNIC,xhtml
ef62dd1f-888e-11ec-8c40-01aa75ed71a1,ok,86123,Parliament,OWNINI_RES,xhtml
f76aad95-7089-11f1-9800-01aa75ed71a1,ok,171396,Council,ITEM_IA_NOTE,pdf
f8aefac9-589e-11f1-b3e2-01aa75ed71a1,ok,52794,Council,CONCL,xhtml
fc66252a-67a6-11f0-bf4e-01aa75ed71a1,ok,120895,Council,NOTE,pdf
fd86e2b0-758c-11ed-9887-01aa75ed71a1,ok,1034391,Council,NOTE,pdf
fe9a4f6c-f4ad-11ef-b7db-01aa75ed71a1,ok,13877,Parliament,RES_LEGIS,xhtml
0269e2d1-479c-11f1-8095-01aa75ed71a1,ok,435177,Council,NOTE,
5dd1cad0-285f-11f1-a7dd-01aa75ed71a1,ok,563112,Council,NOTE,
7c7291be-4b3c-11f1-8095-01aa75ed71a1,ok,569211,Council,NOTE,
a535fadc-3ca3-11f1-814f-01aa75ed71a1,ok,2506240,Council,NOTE,
a6b848be-3dc6-11f1-814f-01aa75ed71a1,ok,2458007,Council,NOTE,
b23c4995-2861-11f1-a7dd-01aa75ed71a1,ok,467937,Council,NOTE,
c880345c-1c5c-11f1-8c3a-01aa75ed71a1,ok,593139,Council,NOTE,
ce3b96ac-2867-11f1-a7dd-01aa75ed71a1,ok,441346,Council,NOTE,
d410511a-227d-11ef-a251-01aa75ed71a1,ok,1416540,Council,NOTE,
0ac0e899-285d-11f1-a7dd-01aa75ed71a1,not retrievable: no CELLAR manifestation (held on the issuing institution's own register),0,Parliament,OPIN_EP_CMT,
0d017b78-1658-11f1-8870-01aa75ed71a1,not retrievable: no CELLAR manifestation (held on the issuing institution's own register),0,Parliament,OPIN_EP_CMT,
194b2202-e778-11ee-9ea8-01aa75ed71a1,not retrievable: no CELLAR manifestation (held on the issuing institution's own register),0,Parliament,OPIN_EP_CMT,
2260326c-6573-11f1-9b18-01aa75ed71a1,not retrievable: no CELLAR manifestation (held on the issuing institution's own register),0,Parliament,AMEND_LIST_EP,
28f1db4d-1d3f-11f1-8c3a-01aa75ed71a1,not retrievable: no CELLAR manifestation (held on the issuing institution's own register),0,Parliament,REPORT,
29040769-1d38-11f1-8c3a-01aa75ed71a1,not retrievable: no CELLAR manifestation (held on the issuing institution's own register),0,Council,NOTE,
2fcad39a-e777-11ee-9ea8-01aa75ed71a1,not retrievable: no CELLAR manifestation (held on the issuing institution's own register),0,Parliament,ADOPT_TEXT,
34148981-2911-11f1-a7dd-01aa75ed71a1,not retrievable: no CELLAR manifestation (held on the issuing institution's own register),0,Parliament,AMEND_LIST_EP,
3f7f2c72-c6b3-11f0-8da2-01aa75ed71a1,not retrievable: no CELLAR manifestation (held on the issuing institution's own register),0,Parliament,REPORT_DRAFT_EP_CMT,
41c8182a-27f1-11f1-a7dd-01aa75ed71a1,not retrievable: no CELLAR manifestation (held on the issuing institution's own register),0,Parliament,AMEND_LIST_EP,
42a122d6-1a23-11f1-9769-01aa75ed71a1,not retrievable: no CELLAR manifestation (held on the issuing institution's own register),0,Parliament,ADOPT_TEXT,
43ea2afa-1d38-11f1-8c3a-01aa75ed71a1,not retrievable: no CELLAR manifestation (held on the issuing institution's own register),0,Council,NOTE,
4422b153-e778-11ee-9ea8-01aa75ed71a1,not retrievable: no CELLAR manifestation (held on the issuing institution's own register),0,Parliament,OPIN_EP_CMT,
44f0ed1f-285f-11f1-a7dd-01aa75ed71a1,not retrievable: no CELLAR manifestation (held on the issuing institution's own register),0,Council,NOTE,
44f3a665-1f96-11f1-8c3a-01aa75ed71a1,not retrievable: no CELLAR manifestation (held on the issuing institution's own register),0,Parliament,ADOPT_TEXT,
5056e36b-e777-11ee-9ea8-01aa75ed71a1,not retrievable: no CELLAR manifestation (held on the issuing institution's own register),0,Parliament,REPORT_EP,
543241bd-d0ab-11f0-8da2-01aa75ed71a1,not retrievable: no CELLAR manifestation (held on the issuing institution's own register),0,Parliament,OPIN_LETTER_EP_CMT,
572230f4-2896-11f1-a7dd-01aa75ed71a1,not retrievable: no CELLAR manifestation (held on the issuing institution's own register),0,Parliament,AMEND_LIST_EP,
66016957-1f96-11f1-8c3a-01aa75ed71a1,not retrievable: no CELLAR manifestation (held on the issuing institution's own register),0,Parliament,REPORT,
6fae7de9-1a23-11f1-9769-01aa75ed71a1,not retrievable: no CELLAR manifestation (held on the issuing institution's own register),0,Parliament,REPORT,
7686476d-e777-11ee-9ea8-01aa75ed71a1,not retrievable: no CELLAR manifestation (held on the issuing institution's own register),0,Parliament,OPIN_EP_CMT,
85c7a130-08c8-11f1-8870-01aa75ed71a1,not retrievable: no CELLAR manifestation (held on the issuing institution's own register),0,Parliament,AMEND_LIST_EP,
8b2c398f-0601-11ef-a251-01aa75ed71a1,not retrievable: no CELLAR manifestation (held on the issuing institution's own register),0,Parliament,ADOPT_TEXT,
a77d5a84-1e3b-11f1-8c3a-01aa75ed71a1,not retrievable: no CELLAR manifestation (held on the issuing institution's own register),0,Council,NOTE,
a86b423f-e777-11ee-9ea8-01aa75ed71a1,not retrievable: no CELLAR manifestation (held on the issuing institution's own register),0,Parliament,OPIN_EP_CMT,
aba793c9-0598-11f1-825d-01aa75ed71a1,not retrievable: no CELLAR manifestation (held on the issuing institution's own register),0,Parliament,REPORT_DRAFT_EP_CMT,
ad0e5755-0d7c-11f1-8870-01aa75ed71a1,not retrievable: no CELLAR manifestation (held on the issuing institution's own register),0,Parliament,AMEND_LIST_EP,
af3f1b0b-fc91-11ee-a251-01aa75ed71a1,not retrievable: no CELLAR manifestation (held on the issuing institution's own register),0,Parliament,AGREE_PROV,
b0f88630-80d2-11f0-9af8-01aa75ed71a1,not retrievable: no CELLAR manifestation (held on the issuing institution's own register),0,Parliament,OPIN_EP_CMT,
b3a1598c-2c69-11f1-906d-01aa75ed71a1,not retrievable: no CELLAR manifestation (held on the issuing institution's own register),0,Parliament,OPIN_EP_CMT,
bb635126-0d7c-11f1-8870-01aa75ed71a1,not retrievable: no CELLAR manifestation (held on the issuing institution's own register),0,Parliament,AMEND_LIST_EP,
cac50d31-e777-11ee-9ea8-01aa75ed71a1,not retrievable: no CELLAR manifestation (held on the issuing institution's own register),0,Parliament,OPIN_EP_CMT,
cd7293d7-0d7c-11f1-8870-01aa75ed71a1,not retrievable: no CELLAR manifestation (held on the issuing institution's own register),0,Parliament,AMEND_LIST_EP,
d0eb4417-2540-11f1-a7dd-01aa75ed71a1,not retrievable: no CELLAR manifestation (held on the issuing institution's own register),0,Parliament,OPIN_LETTER_EP_CMT,
d4b0bfbb-5ec4-11f1-aa6d-01aa75ed71a1,not retrievable: no CELLAR manifestation (held on the issuing institution's own register),0,Parliament,AGREE_PROV,
d5b71802-1d3e-11f1-8c3a-01aa75ed71a1,not retrievable: no CELLAR manifestation (held on the issuing institution's own register),0,Parliament,ADOPT_TEXT,
e3e0548e-6a7a-11f1-ae88-01aa75ed71a1,not retrievable: no CELLAR manifestation (held on the issuing institution's own register),0,Parliament,ADOPT_TEXT,
f77c40cd-1c9b-11f1-8c3a-01aa75ed71a1,not retrievable: no CELLAR manifestation (held on the issuing institution's own register),0,Parliament,OPIN_EP_CMT,
f7f5a958-2541-11f1-a7dd-01aa75ed71a1,not retrievable: no CELLAR manifestation (held on the issuing institution's own register),0,Parliament,REPORT_EP,
fbd2c0b9-2a96-11f1-906d-01aa75ed71a1,not retrievable: no CELLAR manifestation (held on the issuing institution's own register),0,Parliament,ADOPT_TEXT,
