specification,group,against,terms
baseline,Commission,Parliament,"cloud, liability, was, were, costs, across, adoption, act, digital, sector, computing, some, respondents, source, eur, initiative, burden, expected, most, policy"
baseline,Parliament,Commission,"regard, calls, whereas, having, regulation, union, system, highlights, supervisory, persons, stresses, systems, notes, order, risk, considers, artificial, referred, parliament, entitled"
baseline,Parliament,Council,"technologies, calls, regard, whereas, having, stresses, use, digital, development, services, human, data, underlines, ethical, notes, research, consumer, importance, com, consumers"
baseline,Council,Parliament,"article, regulation, annex, paragraph, systems, section, office, harmonisation, listed, testing, legislation, referred, pursuant, iii, codes, conformity, covered, apply, bodies, assessment"
baseline,Commission,Council,"digital, services, sector, liability, across, technologies, cloud, data, policy, europe, research, were, was, business, but, computing, companies, some, applications, technology"
baseline,Council,Commission,"regulation, article, systems, annex, paragraph, referred, office, union, harmonisation, section, system, risk, conformity, legislation, listed, pursuant, testing, requirements, high, iii"
no_stopwords,Commission,Parliament,"will, would, cloud, liability, was, also, were, across, these, costs, more, adoption, act, digital, sector, computing, some, from, eur, source"
no_stopwords,Parliament,Commission,"that, regard, should, calls, shall, whereas, having, regulation, union, system, highlights, and, stresses, supervisory, notes, persons, order, considers, risk, systems"
no_stopwords,Parliament,Council,"technologies, and, calls, regard, whereas, having, stresses, use, digital, development, services, data, human, can, underlines, ethical, research, notes, consumer, importance"
no_stopwords,Council,Parliament,"article, regulation, shall, annex, paragraph, under, systems, section, office, harmonisation, this, listed, testing, legislation, referred, pursuant, iii, codes, conformity, covered"
no_stopwords,Commission,Council,"digital, will, services, sector, more, would, these, liability, across, data, technologies, can, cloud, policy, europe, also, research, was, were, business"
no_stopwords,Council,Commission,"regulation, article, shall, systems, annex, paragraph, referred, office, union, harmonisation, section, system, listed, conformity, risk, legislation, pursuant, testing, under, should"
drop_procedural,Commission,Parliament,"cloud, liability, was, were, costs, across, adoption, computing, sector, some, respondents, digital, source, initiative, eur, burden, expected, dma, most, option"
drop_procedural,Parliament,Commission,"calls, system, systems, risk, persons, highlights, order, supervisory, artificial, stresses, notes, considers, protection, intelligence, entitled, minors, education, robotics, high, market"
drop_procedural,Parliament,Council,"technologies, calls, stresses, use, digital, development, services, human, underlines, notes, ethical, data, consumer, research, importance, consumers, highlights, sector, transparency, potential"
drop_procedural,Council,Parliament,"systems, section, office, harmonisation, listed, legislation, testing, iii, conformity, codes, covered, assessment, requirements, bodies, apply, following, first, powers, point, notified"
drop_procedural,Commission,Council,"digital, services, sector, liability, across, cloud, technologies, policy, europe, were, research, but, was, business, computing, companies, some, data, applications, energy"
drop_procedural,Council,Commission,"systems, office, system, risk, harmonisation, section, legislation, conformity, listed, testing, high, requirements, iii, assessment, notified, bodies, necessary, codes, subject, authorities"
drop_house_style,Commission,Parliament,"cloud, liability, was, were, costs, adoption, across, computing, respondents, some, sector, source, initiative, eur, burden, digital, expected, dma, option, most"
drop_house_style,Parliament,Commission,"system, systems, risk, persons, order, artificial, supervisory, protection, intelligence, high, education, market, entitled, robotics, minors, natural, law, gender, women, rights"
drop_house_style,Parliament,Council,"technologies, use, digital, development, services, human, data, ethical, research, consumer, importance, consumers, sector, transparency, potential, supervisory, entitled, liability, gender, used"
drop_house_style,Council,Parliament,"systems, section, office, harmonisation, listed, legislation, testing, iii, conformity, codes, covered, assessment, bodies, apply, requirements, following, first, powers, point, notified"
drop_house_style,Commission,Council,"digital, services, sector, liability, across, cloud, technologies, policy, europe, were, research, but, was, business, computing, companies, some, data, applications, energy"
drop_house_style,Council,Commission,"systems, office, system, risk, harmonisation, section, legislation, conformity, listed, testing, high, requirements, iii, assessment, notified, bodies, necessary, codes, subject, authorities"
with_bigrams,Commission,Parliament,"cloud, liability, was, were, costs, across, adoption, digital, sector, computing, some, respondents, source, eur, initiative, burden, expected, most, policy, dma"
with_bigrams,Parliament,Commission,"system, high risk, persons, systems, supervisory, risk, order, artificial, artificial intelligence, protection, related technologies, entitled, minors, robotics, intelligence, education, high, single market, risk system, market"
with_bigrams,Parliament,Council,"technologies, use, data, digital, development, services, human, research, used, single market, ethical, importance, sector, consumer, potential, rights, supervisory, transparency, consumers, online"
with_bigrams,Council,Parliament,"section, harmonisation legislation, office, harmonisation, listed, legislation listed, testing, systems, iii, legislation, codes, listed section, covered, real world, conformity assessment, powers, first, conformity, implementing, following"
with_bigrams,Commission,Council,"digital, services, sector, data, liability, technologies, across, europe, cloud, policy, research, was, were, business, but, computing, public, applications, companies, some"
with_bigrams,Council,Commission,"systems, high risk, office, risk systems, harmonisation, section, listed, harmonisation legislation, conformity, system, legislation, risk, testing, iii, conformity assessment, requirements, notified, codes, legislation listed, high"
tfidf,Commission,Parliament,"cloud, liability, was, were, costs, adoption, across, computing, respondents, some, sector, source, initiative, eur, burden, digital, expected, dma, option, most"
tfidf,Parliament,Commission,"system, systems, risk, persons, order, artificial, supervisory, protection, intelligence, high, education, market, entitled, robotics, minors, natural, law, gender, women, rights"
tfidf,Parliament,Council,"technologies, use, digital, development, services, human, data, ethical, research, consumer, importance, consumers, sector, transparency, potential, supervisory, entitled, liability, gender, used"
tfidf,Council,Parliament,"systems, section, office, harmonisation, listed, legislation, testing, iii, conformity, codes, covered, assessment, bodies, apply, requirements, following, first, powers, point, notified"
tfidf,Commission,Council,"digital, services, sector, liability, across, cloud, technologies, policy, europe, were, research, but, was, business, computing, companies, some, data, applications, energy"
tfidf,Council,Commission,"systems, office, system, risk, harmonisation, section, legislation, conformity, listed, testing, high, requirements, iii, assessment, notified, bodies, necessary, codes, subject, authorities"
min_df_20,Commission,Parliament,"cloud, liability, was, were, costs, adoption, across, computing, respondents, some, sector, source, initiative, eur, burden, expected, digital, dma, option, most"
min_df_20,Parliament,Commission,"system, systems, risk, persons, order, artificial, supervisory, protection, intelligence, high, market, education, entitled, robotics, minors, natural, law, gender, women, rights"
min_df_20,Parliament,Council,"technologies, use, digital, development, services, data, human, ethical, research, consumer, importance, consumers, sector, potential, transparency, used, supervisory, entitled, liability, gender"
min_df_20,Council,Parliament,"systems, section, office, harmonisation, listed, testing, legislation, iii, codes, conformity, covered, apply, bodies, first, following, powers, assessment, requirements, implementing, point"
min_df_20,Commission,Council,"digital, services, sector, liability, across, technologies, cloud, policy, europe, were, research, was, but, business, data, computing, companies, some, applications, energy"
min_df_20,Council,Commission,"systems, office, system, harmonisation, risk, section, legislation, conformity, listed, testing, requirements, high, iii, assessment, notified, bodies, codes, necessary, subject, authorities"
